,variance
GRIK2,0.0552485850816517
PRKAR2B,0.03915377889797783
PLIN1,0.03795825913175268
PENK,0.036738357056016836
APOE,0.03673545228911426
AOC3,0.03597997476770078
GPD1,0.035629360355408146
IGFBP2,0.03373792923174681
ITGA7,0.031873040153086084
CITED1,0.030442923547833678
CLMN,0.030322781716935258
PRKG1,0.030194730676400505
PPP1R1B,0.030189917838321038
PLIN4,0.030177774399314163
LIPE,0.02999206016906556
PPP1R1A,0.02923943534887227
GREM1,0.028842978527383826
CYP1B1,0.02875794296846828
RBP4,0.02832715182016384
LGALS12,0.028032722063102988
PLA2G2A,0.0278717291751602
ADIPOQ,0.027819238652992656
ATP1A2,0.02733021097609447
PRG4,0.02703338333045264
SERPINE1,0.026886836667177047
MEDAG,0.02670909561369112
ITGBL1,0.02579138027466422
UCP2,0.025617979794076783
AGT,0.025386398138838848
IGFBP6,0.024908925136440715
MCAM,0.024820786483267028
ACSL5,0.02480763621643851
GPC4,0.02479096668714358
MASP1,0.024744935245094937
CNTN3,0.024717119254134556
PTGIS,0.024515129829526326
ADIRF,0.0243678736627915
MLXIPL,0.024302360905856187
SVEP1,0.023957075082454756
EFEMP1,0.023717699544592456
NCAM2,0.023512188424214077
EMP1,0.02339947742537631
MESP1,0.023101186764953173
ADH1B,0.022954166943083713
PTPRF,0.02292383843901537
PDE1C,0.02279498626289647
SESN3,0.022784244985498543
COL4A1,0.022651569067348033
HK2,0.022596694802546544
CEBPA,0.022298216486664264
PRKAG2-AS1,0.022088706856161575
NEFM,0.022087471764087166
ADIPOQ-AS1,0.02176687311251353
ACVR1C,0.02165470350728059
AR,0.021205916592235075
C1QTNF1,0.021168746530928595
PECR,0.021148963277972162
AK4,0.02112574199822884
ACSF2,0.02095852690797085
DUSP4,0.020908003062599538
CHI3L2,0.0208813467746864
PDE3B,0.020768090675355802
PRRX2,0.02066627252213278
TENM4,0.02066257355343523
FAM43A,0.02066136847053532
PPP2R1B,0.020595069166336827
DPT,0.02049540145011047
LMOD1,0.020481457078767702
NR1H3,0.020466055245616416
COL4A2,0.02045135403340409
TCF21,0.020175043400878084
CHRDL1,0.02008692357273106
TCEAL7,0.019878618491653198
PTGFR,0.019862320412324944
THRSP,0.019663276127059162
PRXL2A,0.019551919278363597
NOVA1,0.019462819251213376
PAMR1,0.019386350460130222
PLCL1,0.019343932385220305
IGFBP3,0.019070242994423364
RDH5,0.018971200988803283
MYADM,0.01891471583958162
TNC,0.018670934659248507
AQP3,0.018652324192512035
HMGCS1,0.018459432812137577
TGFBI,0.018457520531165804
HMCN1,0.018434268534310044
CALCRL,0.01842067760778037
FOXP2,0.017943701850361583
ERV3-1,0.01792935892812667
CKB,0.017889029682372805
ABI3BP,0.017817468347503734
RNF112,0.017798772572978263
THBS2,0.01773085542634416
KCNK2,0.017694237484310135
SEMA3G,0.01760681333724719
BDKRB2,0.01760157980553706
AQP7,0.017528587274467145
DTNA,0.01748774047112692
CDH11,0.017465291396290224
SLC40A1,0.017436640797142886
HLA-DMA,0.017355073664285087
LDLR,0.017347155675746965
LOX,0.017311004778330134
STX11,0.017100361571984454
ELN,0.017076107478138317
ADAMTS1,0.01705113531714724
CCDC85A,0.017037586543946954
MRGPRF,0.017006477331115863
JDP2,0.016990558644607183
SNAP25,0.01694064435092917
PTGS1,0.016931614309925548
NPR3,0.016859900933372
FAH,0.016852374089775125
BTG2,0.016762782585168313
SLC38A1,0.0167139311324896
CRLF1,0.016664155668579515
GALNT5,0.016627686480778833
KANK1,0.016562121619371085
DSP,0.01653936008817118
FBN2,0.01652323391373352
GAS6,0.016510461486289735
HLA-B,0.01642023924071452
RAMP1,0.016326535777195422
STXBP6,0.01627050056026327
SCD,0.016250006221148184
IFITM2,0.016158979030968166
CREB3L1,0.01610960767881934
CAMK1,0.01608550945638586
RETSAT,0.016084762778061694
IL17RE,0.016071599366526374
ABCA9,0.01605438191410085
C14orf180,0.016038725941338896
KAZN,0.015980769260649258
HSPB7,0.01597358017290798
MSI2,0.015928330289077974
CTSK,0.015880196191777284
ALDH2,0.01581243621589658
NRN1,0.01580832105444197
SLC6A15,0.015720500616859704
STC2,0.015650182854924
KCNB1,0.015638272562414398
CACNA1A,0.015584674671492634
OSR2,0.015479364521861189
SORBS2,0.015467249049756545
FAR2,0.015460932341364458
MFAP2,0.015426582720679908
SLC7A6,0.015418642009401925
CILP,0.01540823914839526
SOX5,0.015394321261596632
ABCA1,0.015372463504563116
CRISPLD2,0.015367785257439875
NFASC,0.015355187004847965
LSAMP,0.015348602159763186
SYT1,0.015341574780383303
COBLL1,0.015300051864167726
PDE1A,0.01528920123424028
RETREG1,0.015217229633491855
DKK1,0.015194003202030624
SEZ6L2,0.015095136221266315
FZD4,0.014969705035144524
TRNP1,0.014948830535664145
AIFM2,0.014933719221749225
CTHRC1,0.014908987310318754
CCN2,0.01488758844782838
MECOM,0.01485813025650386
TMEM164,0.014844613913993325
PTX3,0.014831449342671553
HEG1,0.014801179947303168
ANGPT4,0.014770748009102367
LAYN,0.014751830760503801
C6,0.014736235991069107
KCND2,0.014700070842061038
FGF7,0.014675604111473901
EDIL3,0.014651881658056526
NNT-AS1,0.014645787998790365
DGAT2,0.014615857856005787
CCN1,0.014586992242314542
GUCY1A2,0.014532418645524861
TRHDE-AS1,0.014529254270073443
BMP6,0.01452219358427738
ABCD2,0.01450118314190784
SFRP2,0.014440890622174563
AZGP1,0.01435997882248086
RCL1,0.014312456246489235
ARHGAP26,0.014306873664348204
LUM,0.014301196346634796
DCLK1,0.014285841412403216
CD36,0.014284071213436899
ACSL1,0.014273765349737701
PTGER3,0.014272867632454118
KLB,0.014220396216551296
DIRC3,0.01417959591051997
SELENOP,0.014161476819069074
TMEM119,0.014158837451213704
KITLG,0.014139102062855267
MMAB,0.014119132871444656
SELENBP1,0.01409959848415019
MAP3K1,0.013957431456091412
EMILIN2,0.01394657339823276
KIF21A,0.013934418565791421
LYPLAL1-AS1,0.01387915665606659
BDNF,0.013857824509631913
OLFM2,0.013844635964445368
ZNF117,0.013841253063728227
MAF,0.013831077538016852
ABCA6,0.013829392076099543
SPRY1,0.013766147863505506
CPT1A,0.013765318698240927
ZBED3-AS1,0.013717531228105815
FAM110B,0.01371137158998233
PDP2,0.01367218133396524
IER5L,0.013644399268893504
PDE8B,0.013638352843221116
CNTFR,0.013587956036798608
TMEM59L,0.013511364044182435
SCARA5,0.013471206536937636
SPON2,0.0134636569924433
RFTN2,0.013375126678650108
ZNF608,0.013338577088522752
PLPPR4,0.013331554353014695
SFRP4,0.013318000399903558
THY1,0.013274384329059929
LRRK2,0.01326587619871792
ATP10A,0.013257795405637518
FIBIN,0.013184217591087104
HIST1H2BD,0.013108421245184356
ID4,0.013103549565059455
CCDC69,0.013095868303368364
EYA4,0.013090655478538934
S1PR3,0.013075674250949243
DHRS3,0.013063396385023992
F3,0.013055726287986248
FOXO1,0.012994608471471733
GGT5,0.012985267941533785
ECHDC2,0.012929420213950698
EDNRB,0.012918013217036508
ADAMTSL1,0.012870074835595234
RAMP2,0.01286803508709717
CHCHD10,0.012864210906019552
MAP9,0.012862857806960322
C1orf21,0.012840092654540176
ABCA8,0.012796231996896395
TMTC2,0.012751604317207387
KLF15,0.012737631288940517
ANGPTL4,0.012736301820100956
ALAS1,0.012671423873562404
EYA2,0.012671413122625796
GHR,0.0126593855232175
COMP,0.012605107237487923
FASN,0.012588915813634085
LONRF1,0.012559669828111865
ITGA11,0.01250444543612446
AGTR1,0.012492932334326554
PRDX2,0.012454648721310625
PPARGC1A,0.012444295423789418
LRIG1,0.012422550278456538
LBH,0.012375982100065706
SETBP1,0.012342089265167604
ABCC3,0.01233904269935545
LOXL1-AS1,0.01224701213146043
FNDC4,0.012213774100540154
IRX3,0.012212492991643668
CXCL12,0.01220921047673379
LRRC8B,0.012202003424084137
COLGALT2,0.012193586399403645
CADPS,0.012189402927228336
PTGES,0.012164362136522156
TLL2,0.012128193526896506
C5orf34,0.012127945737388816
MSMO1,0.012082636386491652
TM4SF1,0.012027141384178604
VGLL3,0.01201351878197705
ANKRD9,0.011997468640937642
RIPOR3,0.011997411980481258
RUNX1T1,0.01198906702329942
GRK3,0.011941173320179348
OLFML2B,0.011933083576519656
CDO1,0.011918185758140205
PPP2R5A,0.0119036691537
ZSWIM5,0.0118790199418835
AHNAK2,0.011876531966677175
NBL1,0.01186683307654533
ITGA10,0.011865229975447502
DPYSL3,0.01185445392302815
KLHDC8B,0.011851738298986244
HLA-C,0.011812625990084202
PID1,0.011749589987306484
DGAT1,0.0117489278028821
TIMP4,0.01174220617430306
LITAF,0.011739338754062564
GPC3,0.011723197432373477
FBXO32,0.01167211539504292
HACD2,0.01167038747825377
KCNE4,0.011669167536687298
NNT,0.011664111869782851
CDCA2,0.011646513554375928
CLU,0.011635737328628673
TUBA4A,0.011631064833160443
HECW2,0.011623465991139597
VEGFD,0.011574155724054088
TMEM267,0.011514961455637539
SLC9A9,0.011492418647848276
MET,0.011484783964122945
CITED4,0.011458270509563932
GPAM,0.011457571893263022
DEPTOR,0.01142498104835544
C12orf75,0.011424695212154794
BASP1,0.011403893327620544
JAG1,0.011375411963236555
FABP4,0.01137408542003191
CSGALNACT1,0.01128635494156324
CRIP1,0.011283418082872332
LBP,0.011263608508966011
TMEM98,0.011249293342748868
CALB2,0.011236963880955879
FGD4,0.011235383800906598
IRF4,0.011221395941767113
PKDCC,0.011182149144728579
NET1,0.011147380847965634
CSF1,0.011132273778352127
PRR34-AS1,0.01113024099999101
ANKRD29,0.011100292278986226
FST,0.01108496222335114
CAMK1D,0.011070160263252174
SOX4,0.010982027290989991
CCDC68,0.010974392777028143
PDGFRA,0.010948024587285755
CDKN1C,0.010941700888138622
PDGFC,0.010914522765659825
SLC41A1,0.01091108771227696
MAFB,0.010873774608447552
FHIT,0.010868010769871699
SERPINE2,0.010843274552653792
APOL4,0.010823356649811931
WDR77,0.010817730255427696
IGF1,0.010769764563360144
DLAT,0.010753690012057053
NSDHL,0.010746213615108451
GRB14,0.01074130462279117
PDE4B,0.010706607412254258
DAB2,0.010688877687552282
WNK4,0.010661839920386534
EPB41L1,0.010637478627692968
GPBAR1,0.010616834157859294
LY86-AS1,0.01061560049093414
NTNG1,0.01061214147702852
LPIN1,0.010586824696236515
EXTL3,0.010548545363785347
WEE1,0.01053630610682063
KIAA1217,0.010513090446981437
CREB5,0.010510787365245695
PANK1,0.010509257985341067
C5orf30,0.010484754348721703
SBSN,0.010474078661632885
KCNIP2,0.010455543111261678
AOX1,0.010433075821754694
MEST,0.010419876853006306
EPB41,0.01040930890968903
NGF,0.010376777490325234
SYNM,0.010375112662051511
CELF2,0.010351446674956185
WNT5A,0.010340018537045952
NIBAN1,0.010333824537196173
C1orf198,0.0103281855887
CIDEC,0.01032394682530767
DUSP6,0.010313945527693026
RAMP2-AS1,0.010290644073071446
NHS,0.01028810092475442
STBD1,0.010273846080582733
RGMB,0.01025042114117067
SH3RF3,0.010231947273657085
PRUNE2,0.010188460623159616
LIN7A,0.010185860843854975
STARD4,0.01018252540496093
CSMD2,0.010129179800480661
APEX2,0.010108913915649392
ANK2,0.01010067046642656
ARHGAP6,0.010093689437555673
PPIF,0.010077184618559328
MRPS30,0.010066519429797896
TSLP,0.010059251546709537
NEGR1,0.010055732600283177
AFAP1L1,0.010047627528247602
LRP8,0.010041121135551783
FAT4,0.01003982479037484
RXRA,0.010007234326827916
CHST7,0.010007062702025657
GRK5,0.010005227803335499
LOXL3,0.009994917325652856
TFPI2,0.009994277262163854
FRMPD4,0.00993833120568917
ITGB5,0.009937077087274614
GPR173,0.009910661556021725
NFATC2,0.00989773131009223
IMPA2,0.009895945143739364
GAS2L3,0.009891352187033865
HACL1,0.009875457443431185
GASK1B,0.009873058407193736
FBLN1,0.00986802188485916
SYNJ2,0.00984949610214611
ENC1,0.009837069905988552
HADH,0.009825238724486063
MMP2,0.009823181887629649
CDC42EP3,0.009810851717187537
CYTOR,0.00981061165471696
OAF,0.009805101017003982
PCK1,0.009802516385389932
OSR1,0.009796518805420519
SREBF1,0.00979256424487358
ME3,0.009759350399314897
UNC5B,0.009759103781289802
GEM,0.009740203987359185
TRARG1,0.009738116557401715
PDE10A,0.009688849516670156
ATP9A,0.009671810637202086
APOL6,0.009665511907105887
KIAA0825,0.009652165499285062
GPNMB,0.009631160691349465
PRR16,0.009629773314590799
NR4A1,0.009626170951177397
TST,0.009609175612785202
TES,0.009585580526359215
ISOC1,0.009580781139409758
TGIF1,0.009573763268875489
PPP1R16A,0.009572807381785607
TMEM100,0.009565651480761862
SMAD3,0.009548262794662674
GALNT15,0.009530190493592616
KLF2,0.009494835412230231
LMO3,0.00948024318245499
PTH1R,0.00947396265150317
ZNF589,0.009472059485006665
FAP,0.009470101693749965
IL18R1,0.00945228419585567
PLTP,0.009449086055132462
ITGA8,0.009427553370643972
ABCC9,0.00942286381844319
CSRP2,0.009413590285136861
PDE4D,0.00940412776703689
PLCXD1,0.009399328271975569
VEGFA,0.009345357846143064
NOTCH3,0.009343951223213687
MKNK2,0.009330794274506277
MMD,0.009310474748113556
MICAL2,0.009308508607535449
SHC3,0.009298015543096057
APCDD1L-DT,0.00928230464548795
CHN1,0.009277411831528111
ACACB,0.009273433766058568
KIF26B,0.009272956570516291
VIT,0.009227568414835529
ITPRIP,0.009223890252152478
SORT1,0.00922003950689592
ALG9,0.009200863403028794
PDE3A,0.009196747130658822
PCOLCE2,0.009158560260929361
FAM20C,0.009143918341391291
CAMK2N1,0.00913866612406421
SYNE2,0.009136907897471585
CCND3,0.009123296620841553
PXDC1,0.009110569413771459
GCNT1,0.009105441972016088
AHRR,0.009101681408630925
ASH2L,0.009069462176583953
CDKN2B,0.009058105447127231
IRS2,0.009037292386520212
PPARGC1B,0.009032766192068355
SOD3,0.009024854625675755
SNAI1,0.0090086858773047
APOLD1,0.008999591067041955
MIR503HG,0.008964204002620272
HSPB2,0.008956332853229398
SPECC1,0.008951125948468225
PRKD1,0.008917552914708228
GPT2,0.008901627665893055
TTC39B,0.008901304800122328
MEOX2,0.008884044417290253
NTM,0.008880181992469217
DNM3OS,0.0088797899307914
NR4A2,0.00886232714647222
FBLN5,0.008853471579382466
GPATCH11,0.008814893112945579
COQ8A,0.008795866310931736
MYO1D,0.008795491022455214
KLHL23,0.00879524873326339
GOT1,0.008787833312761562
FABP5,0.00878625089319284
PEX11A,0.008769688398117178
PLK2,0.008756504415678287
USP53,0.008745305833094352
ATL2,0.008731930017963343
KHDRBS3,0.008704314895256467
DOCK11,0.00869309488855933
LPCAT3,0.008688088424718915
PLCB4,0.008668803003091176
MITF,0.008643469441268984
KCTD12,0.008620208915922868
TBX18,0.008609127179074886
CARMN,0.008592437110476027
LINCADL,0.008569508742898956
CXXC5,0.008554268198725687
CD9,0.008533261562168328
AGPAT2,0.008533098477238073
MEGF9,0.00853273373863928
ARHGAP28,0.008508998962778288
KLF4,0.008505339799820825
SAMHD1,0.008490051424244449
NT5DC1,0.008474456940033572
RALGPS2,0.008473564424785548
ADAMTS15,0.008473504522202215
APLN,0.00846610600148277
CFH,0.008465563072776357
TFRC,0.00846260293399496
SSBP2,0.008448718664485594
DGKI,0.008438796938072072
ANO4,0.008432390717159236
ANK3,0.008410370544329498
KCNA2,0.008403133567903894
CAMKK1,0.008390633523208416
PURPL,0.008369194375750557
MAML3,0.008352603250569034
HES1,0.00835032886656436
THBS1,0.008345620645445527
ACAT2,0.008343291498104031
DOCK4,0.008332649994882332
RDH10,0.008331023834741335
CD55,0.008298779852107068
RAB23,0.008287747990109817
TPM1,0.008275413985317668
ACSS2,0.008273657488290481
SH3PXD2B,0.008271725342873744
PHGDH,0.008250801947552046
ISLR,0.008229845228864411
SLC25A4,0.008229143292843879
MOCS1,0.008197916880759454
AF165147.1,0.008193470171531684
DPYD-AS1,0.008191579728504076
MCTP1,0.008165517667408884
SLC2A3,0.008152974551057249
MIR4435-2HG,0.008151952913077805
CDH2,0.008136025387498204
NCALD,0.00812984559718197
ZNF354A,0.008127921566857642
INSIG1,0.008123596137734905
FAM155A,0.008103596766564908
H1F0,0.008103114432167968
LGR4,0.008091464890150231
RUNX2,0.008089610972366787
SLC38A4,0.008080811080703755
DIRAS3,0.008077896970750946
NRCAM,0.008064259184319324
ARHGAP20,0.00806229936947517
FADS1,0.008060970476615961
MAOA,0.008057790335376574
MRAS,0.008056419310505741
CCND1,0.008054116143118975
SLC16A3,0.008052631869261266
HIST1H2AC,0.008052020511803697
CDK15,0.00804585604217013
NDRG1,0.008031254225593178
PARD3B,0.008006326753714411
TNFRSF21,0.008003441957614493
MYO10,0.00800100504154941
ANGPTL1,0.007999052826494706
TTTY14,0.007998887816704155
TNFRSF12A,0.007992000868142056
SCN8A,0.007947185890674039
SQOR,0.00793157619335095
PALMD,0.007929135753504212
FRMD5,0.007927413117529791
CACHD1,0.007921318157004921
LRMDA,0.007908260860401682
JMJD1C-AS1,0.007905775138318869
PXK,0.007900024561494976
EEPD1,0.007886428669745699
COL18A1,0.007871958809000918
ARHGAP31,0.007864990672609241
ENPP2,0.007836717271099043
CLDN11,0.007816917477288764
PHLDA2,0.007816043774904507
DHCR24,0.007813026368608058
GCLC,0.00781210485837971
CYLD,0.007806226884653948
SOX9,0.007805284104464815
SLC7A11,0.00780267602224526
BAALC,0.007796376449724718
JADE1,0.007795135671981585
SPRED2,0.007784038015763538
TNFAIP6,0.007776528957139367
TMEM135,0.007770139520394252
NMB,0.007757742863430657
PLXNA4,0.007755576598497985
ECM2,0.007752836056127557
MTHFD1,0.007743149814458006
VASN,0.0077321957224913435
ADAMTS9,0.007729368673715605
TSPAN5,0.007725733385487176
ATF5,0.00770636017710225
TUBB3,0.0076747479111674574
OGN,0.007656321377299898
KCNQ5,0.007650513247139934
TOB1,0.0076458558416046376
AMOTL2,0.007644751302816987
MAP2K6,0.007625400536562786
DOCK5,0.0076195390558556056
SEPTIN6,0.007602518429390674
BEND6,0.007585105375665815
LTBP1,0.0075699729938202105
GRAMD2B,0.007551756411363857
SEMA5A,0.007536959434596988
PDE7A,0.007530707451099825
HPGD,0.007526302214205873
ETS1,0.007516311649028723
FILIP1L,0.007515544070112683
PITPNC1,0.007506410837753137
DIO2,0.007506402227666278
DNAJC6,0.007494348157974317
IRF2BPL,0.007487382186963207
HDAC9,0.007482965259314321
AHR,0.0074806409686361515
PTGDS,0.007477424193627765
MTHFD2L,0.007477268827641247
FLRT2,0.00747274634501526
TGFB2,0.007445395267357263
TBC1D8,0.0074398806142165095
PACRG,0.007439499217662097
PGF,0.007421741987827015
LRRC36,0.007421722775317721
IFIT3,0.007413449047666455
PPM1L,0.0074078327396725745
ANXA11,0.007402132632410381
MYLK,0.007390045395664
PSAT1,0.007379237910318995
ALCAM,0.007354546501637283
PDE5A,0.007350918411190449
TXLNG,0.00734352132251489
SMOX,0.007341888687027505
MFAP4,0.007341020140126508
TAGLN,0.007330438804239307
RGS2,0.007320953483891749
NEFL,0.007308720030794809
PKD2L1,0.007300083194689424
NPAS2,0.00729337744649188
ZFPM2,0.007278981666584984
CPM,0.007276776761649974
RNF152,0.007269609854308709
NAV2,0.007259943642998567
GYG2,0.007258452593639175
TCEAL3,0.007257503342522351
VEGFC,0.007230582713802369
NR2F2-AS1,0.0072236977315002756
PCNX2,0.007213139251928429
PRKN,0.007206782304127218
RNF24,0.007201403390658238
HPD,0.007199507222508421
PLCB1,0.007188782436210322
IDI1,0.007187814581403754
NLGN4Y,0.007176081602929501
GXYLT2,0.007172191007052018
ANKRD33B,0.007161750610120256
ETS2,0.0071596844224794684
SNED1,0.0071594918331064124
MSX1,0.007147719583690766
OSBPL11,0.007147187525546232
DUSP10,0.0071383831909539695
TMEM97,0.007123976591293471
PLXNA2,0.0070986046997374395
CCDC173,0.0070923710761430165
APOC1,0.007049778055270189
CDC42EP2,0.0070478401890484935
SLC22A23,0.007047802197187263
DDIT4,0.007043723005715289
ROBO1,0.007040489809473633
PLAAT5,0.007031982376751475
RGS17,0.007029514325701098
RNF150,0.007023329936354634
DPH6-DT,0.0070079656612073455
APOD,0.006989317506624041
RGS3,0.006980203512714055
PLPP4,0.006978300645024822
KCNMA1,0.006960472628404312
PEX19,0.006957533695144132
MEIS1,0.0069571557092743515
CENPP,0.006954184477097405
SUGCT,0.006953720088487479
GAB2,0.006952961653196331
GPC6,0.006945849621246096
SLPI,0.00694489736067843
KDELR3,0.006942888167125087
COL5A3,0.006937978107806985
MIR137HG,0.006934454620133553
PRSS23,0.006931372636041146
DDAH1,0.006925227841182777
ST5,0.006924762309468709
THSD4,0.006924120925774051
EPHB1,0.0069227874633208415
CACNA1C,0.006920098500385228
GLYATL2,0.006911366626142898
PCBD1,0.006910165715498086
HYI,0.006908440239427529
CTH,0.006906222237580592
LURAP1L,0.006898534404617818
TJP2,0.006894673329243997
ZBED3,0.006892166288379023
EGFLAM,0.006884391889138126
SLC8A1,0.006883583779884751
NREP,0.006865296740504086
ST6GALNAC3,0.0068267597740338404
SLC1A3,0.006826130299714188
TRIM35,0.006812811865612173
CPED1,0.0068084401784570155
KIF7,0.006801407913310042
TP53I11,0.006790355111025874
ADAMTS5,0.006789300085440268
DEC1,0.0067888940771791625
SIPA1L1,0.006787752729198985
C2CD2,0.006787582727043456
ME1,0.006782227846594841
SYT14,0.006781843958779682
PRKY,0.00677841937570223
ZEB1-AS1,0.006776962648766345
SQLE,0.006774943615484669
PKN2-AS1,0.0067564248314678586
MYO1E,0.0067487576780505595
MT2A,0.0067447476353263685
CDKN2C,0.006725622044049249
SRGAP3,0.00672384121219784
SWAP70,0.0067171858436583425
COX17,0.0067094150073571945
CARMIL1,0.006679187907916608
SRXN1,0.006675474090010357
SLC7A14-AS1,0.006673315148496654
ITGA1,0.006668918576828599
AFF3,0.006665902141569616
PRDM16,0.006664426991892979
NDNF,0.00665728862529743
NRXN3,0.006656510930622239
VCAM1,0.00664717672739805
FAM241A,0.006634772417423124
RASSF8,0.006621871177893616
HIF3A,0.006611657906534568
SMAD6,0.006608913158520136
GNG2,0.006607754130876842
FRMD3,0.006604308551707921
PCSK5,0.006597934533870216
SEC11C,0.006592259257060691
RPS6KA2,0.006589801457926643
LRIG3,0.006568562226646462
HES4,0.006556030057857607
MMP16,0.006554836965686426
PLAU,0.006547504503818534
DRAM1,0.006546770546233116
PDE7B,0.006537919992418431
ADAMTS12,0.0065340816691247085
TCF7L1,0.00653139318577694
CFAP69,0.0065215927512573485
ZFHX4-AS1,0.0065177407086093805
SCCPDH,0.006504363870569467
PEX5,0.006500808940251689
HMGCR,0.006498844157963779
TNFRSF19,0.006492319783801993
SLC2A10,0.006488511422934931
DLG2,0.006484596713732751
PRKAG2,0.006456906044863819
ABHD5,0.0064329022186501526
DAAM2,0.006429777579607338
ST3GAL5,0.0064137869911367554
PDGFD,0.006407061493840575
ZDHHC14,0.006405834607855316
RCAN1,0.006395746496311802
COL21A1,0.00638228535095631
SLC5A3,0.006380274861415475
ITGA5,0.0063740005613422655
CABLES1,0.006365357380261115
PRICKLE1,0.0063504266608924624
NIM1K,0.006346045246695522
DMGDH,0.006336449633597828
MTSS1,0.006325042749393451
ME2,0.006319799721643673
INSYN2B,0.006298383189410574
IRF1,0.006295776525020685
TIAM2,0.006286374826261941
UACA,0.006264474859106587
PFKFB1,0.0062505359605470705
PLCE1,0.006249368230882387
ARSJ,0.006240485094506942
INPP4B,0.006223223324045842
ASPHD1,0.006208680358912333
PHLDB2,0.006204213893411542
SPDL1,0.006203033189383644
ABCC2,0.006180169479510225
ERRFI1,0.006170963600057434
SMAD7,0.0061653565698264814
ZC3H12C,0.0061617235230615785
CYTH3,0.006159630063377371
ATOH8,0.006159122215226718
MOXD1,0.006157485580435471
PCDH9,0.006152747643232392
P3H2,0.006117218041487373
GBP1,0.006113709150746717
HP,0.006089801963659503
PODN,0.0060889295449152725
LRRC75A,0.006086975075519382
INHBA,0.006081972641105775
HAND2,0.006081371914679802
EGR3,0.0060805106838998585
ACTA2,0.006079777994954924
FOSL1,0.006078020956420661
REEP6,0.006072624084523501
PLAAT3,0.006069663196321708
IL16,0.006069091857924674
LPCAT2,0.006065912020513476
UST,0.0060609979277278184
HULC,0.006048328938831202
POT1-AS1,0.00604758404649381
FHOD3,0.006043010243037746
EZR,0.006035805346786571
ADAMTS4,0.006026406549958755
DNM3,0.006024293158345098
SDF2L1,0.006024141329455709
APBB2,0.00602300746125497
CFAP299,0.00600697364828609
ACER2,0.006005549167020704
ADAMTSL4-AS1,0.005995769968170753
ONECUT2,0.00598855095032421
RGS9,0.005987445069147515
WNT2B,0.00598615003568197
BCL2,0.005981751590294518
LMO7,0.005976643598233535
SIM1,0.005971523993521096
ADCY1,0.0059671809299038136
ZNF827,0.005964516533543493
MN1,0.005957469104462545
HIST1H4H,0.005931844700183572
ACKR4,0.005930555986257306
NR4A3,0.005928165787444179
PDXK,0.0059207487071895005
ZNF423,0.0059042531817536026
ZNF521,0.005897064544723681
ZHX2,0.005887751833150347
P4HA2,0.005876468080565525
ADAMTS6,0.005874105237457515
EMP2,0.0058628908196566715
CPEB2,0.005861801578554754
PRDM1,0.005854622230845912
LRRN4CL,0.005854573682620436
NEDD9,0.00584520328635938
METRNL,0.005843356020157788
STAMBPL1,0.005829911867503784
ABCB11,0.0058145625350394465
NID2,0.00581116193404945
DHCR7,0.0058095885261964355
RFX3,0.005800213321678042
FLNB,0.005780740408826727
MIR222HG,0.0057785750197518315
ACER3,0.005778069516485554
LGR5,0.005776600262660859
AGPAT4,0.00577578686302183
PIK3R3,0.0057638514888666125
RFTN1,0.005762189101773755
EVA1A,0.005758730252465087
SLC7A8,0.005756071123030891
TSC22D3,0.005755937252099008
CRACR2B,0.005750681659341364
DAB1,0.005726419047120365
ADRA1B,0.005724034254303674
C11orf96,0.005709307517317812
CHMP1B,0.005694721333405425
CHST11,0.005683873660499013
PRELID2,0.00566164306481046
FMN2,0.005652084916607708
SGK1,0.0056450572545520454
GPR156,0.005635481313850073
DIRC1,0.005634809690439218
ARL15,0.005633423703551699
CKMT1A,0.005620366601849217
SLC13A3,0.0056154689633845165
STEAP2,0.005608588075363507
VWCE,0.005607233677603294
ROR2,0.005603410710314754
HRH1,0.005570461415807398
S100B,0.005561880266534526
DOCK10,0.005559625643667647
MAPK10,0.005552438768256115
ABLIM1,0.005552232896305539
MIR31HG,0.005546254215542956
FOSB,0.005543187428367673
KLF7,0.0055269644790302275
NFU1,0.005507432356988904
PLOD2,0.005501989978105218
UPP2,0.005498275765327125
ACOX1,0.0054599273739822235
SGCD,0.005457804462219676
PAG1,0.005457712486099554
ETV1,0.00545766319096602
IKZF2,0.005455833877588314
THEMIS2,0.00545266705401463
MAMDC2,0.0054387329692914335
COL8A1,0.0054373035818378115
CNIH3,0.005430184160766415
TMEM132B,0.005417033173656769
CEPT1,0.0054157396885487685
JAK2,0.005414956790705567
WWOX,0.00541063253261138
ARL4C,0.005400721406185809
RFX8,0.005398228124341961
LIX1-AS1,0.0053948999274230705
IFIT2,0.005391671352754588
KIAA0408,0.005381467568544042
EPHA4,0.005379461699083333
LRRC17,0.005378670988280477
UBA6-AS1,0.005373578196332003
VEPH1,0.005372844513616751
MTHFD2,0.005365350886964152
MDGA1,0.005363859848126775
UNG,0.005361545839375144
HILPDA,0.0053482792242324885
SLC19A2,0.00533988730308683
SLC22A15,0.005313835678348804
OAS1,0.0053127830619227835
CA12,0.005304010217993208
CAVIN2,0.005303506731100251
PTPRK,0.0053009017533325025
GADD45A,0.00528096851692076
VSTM4,0.005275246651225169
DDIT3,0.005273355689728954
LINC00632,0.005254537479817814
NBEA,0.005238746091757855
FLVCR2,0.005236153568155069
GPR137C,0.005232218464781981
POSTN,0.005220663187344692
APOL2,0.005219457226797
TMEM45A,0.005216132849076036
RIPOR2,0.005210319564746139
MIR181A1HG,0.005209509363827624
NCOA3,0.005208792093934217
NFKBIZ,0.005193149137167683
PAPPA-AS2,0.005192913665604268
CEBPD,0.005186305691141397
ZBTB16,0.005182212531784809
CMYA5,0.005172515451066282
IQCJ-SCHIP1,0.005153723897426584
FAIM,0.00514744351427855
UNC79,0.005146886346764612
NT5DC3,0.005142796905200475
RBPMS-AS1,0.005141883875792963
EBF3,0.005129279081359899
GPR150,0.005129142729101634
ZNF10,0.005122253781069401
SAMD11,0.0051144825640690676
IGFBP7,0.005109896970080994
LRRC1,0.005104122816218228
VSIR,0.00510231614406429
PEG10,0.005078634888390557
CCBE1,0.00507640834259945
STAC,0.005064399103543117
PLCL2,0.005063941839717158
MAMLD1,0.005061261076380046
TESK2,0.005055484746358623
PAPPA2,0.005040372426843744
CYGB,0.005039776413752139
BMP2K,0.00503909130119503
KSR1,0.005037669315892971
ZNF131,0.0050240693161643785
DLX2,0.005018247724107026
CNTNAP3B,0.005014283159927356
HERPUD1,0.005012587450189493
AHCYL2,0.0050098057430577655
TBX15,0.005006597613087304
KLHL29,0.0050061226414772194
LIMD1,0.005005129804546182
WNT5B,0.005003123172822529
GSE1,0.0049981482882534315
LRRC32,0.004996027759467375
WARS,0.0049958453932987664
PHLDA1,0.004965202621828284
DCN,0.004957362082839118
PAPPA,0.004955219837685039
GDPD5,0.004952242839047822
NANOS1,0.004943194064059965
SAA1,0.004939819346522333
PLD1,0.004935496312202579
ARRDC3,0.004928094883460638
ANKUB1,0.004927340122335706
HCFC1R1,0.004925247364386676
STK38L,0.004925233279310942
IL1RL1,0.004908010091585854
PRPS1,0.004902150945044396
FHL1,0.004888859059067603
NEXN,0.004876211779199925
MOCOS,0.004873483304853773
SGK2,0.004869270036414922
TNFAIP8,0.004867790289911666
LMCD1,0.004866126977374381
FAM91A1,0.004854615696373203
COLEC12,0.004847789214688343
FAT1,0.004846656774056133
SAMD4A,0.004844610107697161
MT1X,0.004837472463205996
SYN2,0.0048032339049150115
SOBP,0.004798471294272518
FAM214A,0.004795677222741798
EGR1,0.0047936726407654525
TPM4,0.004782350341838102
DTWD2,0.004774576229858784
NHLH1,0.00477107422130078
DLD,0.004768274887123808
FAM20A,0.004767297782059898
CATSPERE,0.004765405387623507
MARCH3,0.004754173884649406
BMPER,0.004753546457090078
SMOC1,0.004749662455574371
HS3ST3A1,0.004749597769585449
PGM1,0.00474712504426355
EBF2,0.0047439873630286435
G0S2,0.004722335356440371
SMAD9,0.004714489905592752
DCBLD1,0.0047125834832991145
ZEB2,0.004707623334391282
FRMD4A,0.004700051346132577
SNAPC1,0.004698119463208208
MAP3K8,0.004684340250059795
DPH6,0.004684108046348484
MFSD2A,0.004683401666801462
SLIT2,0.004660341005271523
FBXL7,0.0046600147197932715
ENOX1,0.004640718839649039
APMAP,0.004638190988457214
HYOU1,0.004637452173471004
TEX14,0.004627175784214935
MEG8,0.0046242267822510725
ZNF75D,0.004615075635118034
RND3,0.004602395686577379
CUL4B,0.004593374881362609
SLC16A7,0.004578272405018623
CD163L1,0.004572661143041705
SLC45A4,0.004565413311834783
FRMD6,0.004560270193106457
TNFAIP3,0.004559833006144554
TNFRSF10B,0.004559483664491869
TRABD2B,0.004558288564105574
SLC25A1,0.004555217721622993
CRYAB,0.00453410803778117
SGO2,0.0045340349837744345
DYNC1I1,0.004516900724109812
RPGR,0.004513800917909309
DNMBP,0.0045081929416221885
KCNQ1OT1,0.00449816559338244
TMEM158,0.004496419745952188
IER2,0.004493103088223011
SNHG12,0.004492465759419637
HMGB3,0.004491536188419088
PNPLA2,0.004485402660120722
ANKRD35,0.004476312873852503
ANKRD13A,0.004469807551312238
MT1M,0.004465158487456827
TPX2,0.004438713700419817
BDKRB1,0.004437849280728041
GYPC,0.004437126211537336
MRTFB,0.00443689501589752
DIPK2A,0.004436433286695485
OSBPL10,0.004430839254982669
CCNA2,0.004426184555788634
SGIP1,0.004420051082775693
CRABP2,0.004418013946995843
NAALADL2,0.004415857941175969
ALPK2,0.004408603248268305
SEMA3A,0.0044062692100120225
MANEA,0.0043787212132849465
COL1A1,0.004377732145007857
FSIP1,0.004364842280107854
LARGE1,0.004352568935283013
AUTS2,0.004347386404112199
GCHFR,0.004335924094814155
NFIB,0.004331435269254073
ST8SIA1,0.004328983541643185
AREG,0.0043188323194424455
INHBB,0.004315867430176633
PAIP1,0.00430827422700089
HIST1H1C,0.004295509571641164
RAD51B,0.004295314072509523
CPEB4,0.0042941621337598684
RNLS,0.004290670678209614
PCED1B,0.004286756313789375
CS,0.004285236041577547
CPNE8,0.004268424055549237
ZC3H3,0.00425951770529484
HAVCR2,0.004251365183323095
ITPR1,0.004241973573878069
ITGB8,0.004236407280428696
ANKRD36C,0.004233184046814359
PDHA1,0.004231194288141918
SIX1,0.004224648091499655
ABTB2,0.004216702866872663
JUNB,0.004215728850700603
MAST4,0.004214832039258695
EPHB6,0.0042102560059491785
CEP135,0.0042099167388241245
SESN2,0.004203987869152541
TUBB2A,0.00419854775728578
OXTR,0.004195936400324844
GPAT3,0.004184466440795933
PTK2B,0.004177003957677269
CADPS2,0.004172550552691116
SLC2A13,0.004164257582971527
CBLB,0.004155266931527615
MIR100HG,0.004154805673848146
TRIB3,0.004135035861042832
FHL2,0.004131543094689505
TAFA2,0.004130810518967448
ATF3,0.004127534708044827
GCLM,0.004122017733336121
CSAD,0.004121813887677108
CLDN15,0.0041081632543066475
TIAM1,0.004099353140773206
TENT5A,0.004064457262720038
SYNPO2,0.004055270182495842
NTN4,0.004011764822874429
STC1,0.004010389138030984
CDK17,0.00400970397640267
CCNB1,0.004009653358043225
EFNA5,0.0040022710565717
MT1E,0.004001502950144245
HIP1,0.003998850775069472
AMMECR1,0.003984415520488075
OLMALINC,0.0039593086087470345
ARHGEF28,0.003958092445503693
SNTB1,0.003955343990483081
RAB3B,0.003953527869054781
PYGB,0.003945948827229162
TNS1,0.003915914599478393
PARM1,0.003904264735944611
PALLD,0.0038896018037059606
CD52,0.0038885989291405675
CNR1,0.003864225923569825
HIVEP3,0.0038495394613430275
ACO1,0.003837373054966734
CENPF,0.003835762993183055
IER3,0.00383025129851504
SH3RF1,0.003825459768558643
RTN1,0.0038199049744445527
GLCCI1,0.0038156487240326026
MIR181A2HG,0.003809975117702734
PAX3,0.0038074265881263736
CD44,0.0038051664448779284
ZNF385B,0.003796468943479564
UBASH3B,0.0037941282109631414
ANGPT1,0.0037839923215718164
PBX3,0.003773563779938262
TCEAL1,0.003773431265945036
B4GALT1,0.0037696218544924173
PKP4,0.003768509733478723
MID1,0.0037616791458080787
RIMKLB,0.0037603159840162177
ADM,0.003757806823421116
CLGN,0.0037344085920679978
CEMIP2,0.003731866110514043
BMPR1B,0.0037270187211969454
ADAM10,0.0037200232379018938
NR2F1,0.003713623029817334
SIK2,0.0037080239705129625
CRLS1,0.0036993695606583766
VKORC1L1,0.0036959042746524643
FGF2,0.003689810988899513
MDK,0.0036874830417320194
LOXL2,0.0036858269247311503
SLC4A4,0.0036786425122238443
ALDH1A2,0.003677267363939403
TSHR,0.0036721519513962216
KIAA1755,0.003662104690204225
PHKA1,0.003652082305261418
CDKN1A,0.003640300341353281
GGCT,0.0036283917251751403
MANF,0.003624656252053867
PELI2,0.003615096895131191
LVRN,0.003601062084194709
RRAS2,0.0036004762673324405
SMILR,0.003597748782903555
RECK,0.0035946610100737113
DHRS9,0.0035800158150832116
TPRG1,0.0035572811438714146
DNAJB9,0.0035505486129221936
ADAM12,0.0035489623837434946
ANXA4,0.0035280842296993463
PRICKLE2,0.003525910415600462
MAFF,0.003524458379178815
TSEN54,0.0035241676557512132
CDC14A,0.0035169907500842965
SOD2,0.0035078720330495392
BICC1,0.0035071843936089354
MBNL2,0.0035058038341577794
SYN3,0.003490677210940875
SAMD3,0.0034470354176805843
RASAL2,0.003436323056332968
TIPARP,0.003427845512780704
SPRY4-AS1,0.003421592605434182
SCN3A,0.0034160872453525117
NRG1,0.0034032279666213147
DAPK2,0.003377487733679467
DEPP1,0.003377447686484297
ZBTB38,0.0033755372128407893
MBP,0.003351087009628324
OMD,0.0033414946622497463
CAVIN3,0.003326053516110315
IDH1,0.003325898199654692
BACH2,0.0033178835244547377
MDM2,0.003311359209533676
FAM161B,0.0032951131105744776
EGFR,0.0032933014070524874
FADS2,0.003283729494317578
CDK14,0.0032792311164276115
ROR1,0.0032689078707984777
ZFPM2-AS1,0.003263952724630797
RASD1,0.0032577377213845204
KLF9,0.0032539840309817806
TOP2A,0.0032400313971174236
ARHGAP29,0.003234863058297288
LMCD1-AS1,0.003231683405533364
GLIS3,0.003230993442444273
SPOCD1,0.0032266891791784716
THSD7A,0.003217035694561578
GULP1,0.0032113280595574157
ACSL3,0.003205698239924379
AJ009632.2,0.0031644015937309844
HSPA1A,0.0031581043297740684
PLPP3,0.0031561862332478785
ANTXR2,0.0031529952793699946
PEX5L,0.0031507840482138095
NEK10,0.003148385210483244
WDPCP,0.0031450928506971797
TLE4,0.0031421044943622267
CABYR,0.0031230644956553697
FAM13A,0.003108991736787058
ABCA10,0.003096020656946955
MIR155HG,0.003086537647911738
TSPAN15,0.0030826963293602285
STK17A,0.0030605408776613807
GABPB1,0.003050701817749781
BASP1-AS1,0.0030381194524856012
SYNE1,0.0030267497574868562
HMOX1,0.0030188601382030336
DECR1,0.003016176581574935
CEMIP,0.003014686270749067
PCP4L1,0.003011158804279125
SPATA9,0.003007309846632608
CCL2,0.002991466044125101
GPT,0.002990484330224577
CTSC,0.0029835965366205733
ROBO2,0.0029610712579818898
CCDC30,0.002947582401538312
SPIN3,0.002946821343306649
TNXB,0.0029267292572129574
SCUBE3,0.002924591423274699
CRABP1,0.0029208782984910284
GIPC2,0.0029188328621464737
FOXQ1,0.0029143323831634575
ZNF385D,0.0029041773247863744
MAGI2,0.0028923315980628208
SLC3A2,0.002889887208059492
SHANK2,0.002882457477873638
SCG2,0.002881474566174299
PLPP1,0.002879262038620849
CAMP,0.002872963688267392
TNFAIP2,0.002860639781706723
CDHR3,0.0028513770936800793
ELOVL5,0.002846303196618966
IFI27,0.002832508547052604
CAV2,0.0028209889007680135
NBN,0.0028128312487293154
SLC25A18,0.0028116425385452844
PRSS12,0.0028071113716848766
APBB1IP,0.0028043859037631628
ALDH1A3,0.0028030962688885388
ISM1,0.002799513461692139
IL6,0.002794690480933729
MORN1,0.0027910765043540277
PLEKHA5,0.0027806538706969587
LRRN3,0.002780540715919729
TRHDE,0.0027756048171434728
DCAF8,0.002775486931600165
IL1B,0.002765474183305159
NMNAT2,0.002750512950338632
HIST1H2BC,0.002740844215733199
RHOB,0.0027239685809515965
ZNF438,0.0027128138957265785
PPARG,0.0026964960590594184
GLRX,0.002694879951256903
ZBTB20-AS5,0.002679614937264294
ACSS3,0.002679533393060293
FER1L6,0.002677002006404507
ASPN,0.002669628821910489
IGF2,0.002663914220651598
CYP26B1,0.0026590062877842554
NOG,0.0026356748125437213
PCDH10,0.00262680894739141
COL5A1,0.0026226732586498076
PDZRN3,0.00261247063931407
PPP1R12B,0.0026007163393033947
SCHLAP1,0.0025968647869002276
SRGN,0.0025955646559076826
HSPH1,0.00259146785491906
PUS10,0.0025891123127785207
ZSWIM6,0.0025857466654091157
EIF4EBP1,0.0025743983568255
TENT5C,0.0025694587705025426
CDH18,0.0025520187182591822
EGLN3,0.0025343754041426574
SEMA3C,0.0025309252084333126
IGFBP4,0.0025125098481745
PCAT1,0.002505713135471038
CACNB2,0.002501896837232401
CCDC26,0.0025005867163418703
GLRX2,0.0024886448791894915
ARHGAP24,0.0024840563287950443
CCN4,0.0024791368972364547
HAS2,0.002478350907709047
H1FX,0.0024743071540153806
AMPD3,0.002470712110914536
PTGS2,0.002437184601561401
PEAK1,0.0024205750837402885
FOXO3,0.0024073636037699477
CES1,0.002399689263525982
NUPR1,0.0023992813850388377
MPC2,0.0023924050523198392
PRKCE,0.0023862903185340786
ANKFN1,0.0023860228542652464
PROCR,0.0023679026265915073
PLK3,0.002362794480231642
PTN,0.002352790608789537
VASH2,0.0023443286321605853
SULF2,0.0023178455982863556
HSD11B2,0.0023028198016346603
ATP1B1,0.002290843093176428
ACACA,0.00228585481411013
KLHL20,0.0022807348636036924
TSPAN13,0.0022499314766849573
FSTL1,0.002247996970284336
GFPT1,0.002245691984121907
PCNX1,0.00224263452519471
ACKR3,0.0022406076408037633
GRIA3,0.0022405966347881115
UBE2E2,0.0022165675015958543
CNTNAP2,0.0022070317139214783
KCNK15,0.002193477601982368
FIRRE,0.002187419446865046
LPL,0.0021857497502604717
CACNA2D1,0.0021808782452862815
AADAC,0.0021786808404862038
ZNF831,0.0021761592255692005
GATA6,0.002172561875162221
CHSY3,0.0021580549274354656
TIMM8B,0.0021486931609730722
RNF144B,0.0021466394325072606
VCAN,0.002139640348446505
MAP1B,0.002137745076541526
MIR924HG,0.0021288445027635564
AKAP5,0.0021218854400915596
DISC1FP1,0.002118372020678828
RNF175,0.002115755540435962
ANO6,0.0020992884651888435
ARG2,0.002091723269471817
ACSL4,0.0020857218060598565
DUSP2,0.002067561902479299
AUXG01000058.1,0.0020671366107695927
SLC7A10,0.002062735319986184
COL14A1,0.0020452572017716215
DISC1,0.0020449511517693373
NABP1,0.002044490037327142
AKR1C3,0.002040311841339225
DENND2A,0.0020344358276352093
CPB1,0.0020321847783642865
HMGA2,0.0020284231036970276
MAP2,0.0020192557321751493
PMAIP1,0.0020100423780189626
H2AFJ,0.002009370992274759
CHST1,0.0020037659811960235
RGCC,0.0019946093451927386
CCL19,0.001988459903465476
GADD45B,0.0019883535862157175
CYCS,0.001985461932662159
GALNT18,0.0019734111476049777
CLSTN3,0.001967480146328162
THBD,0.0019589104079431687
LYVE1,0.0019586050334963493
HTR2A,0.0019470390528792709
GADD45G,0.001945279812862639
LSP1,0.0019370382731093356
IGFBP5,0.0019329964306219484
MIR210HG,0.001929796749587668
GBE1,0.001910539372027168
SOX2-OT,0.0019101788219986757
APCDD1,0.0019094294054209844
STK17B,0.0019093857297596802
CACNA2D3,0.0019053766222102346
EXT1,0.0018983580452026413
TLCD4,0.0018900736778128958
PGM5,0.0018884875556629275
COPS8,0.0018757393717162135
WDR66,0.0018675541529322276
NPY2R,0.001866508230783539
KAZN-AS1,0.0018585584993883002
LMO4,0.0018448287291231835
STK39,0.0018430157472813333
STAR,0.0018356092231695876
AKAP12,0.0018296597487744094
SERTAD4,0.0018224673064181993
SCRG1,0.0018144572533743783
ECHDC1,0.0018096335646012169
NAMPT,0.0017860384253978393
GLUL,0.00177157464300408
MALINC1,0.0017704892227194122
ADGRL1,0.001751741683242809
RSKR,0.00174961985332914
CCNH,0.0017490645415461905
ACAA2,0.0017458373997878294
STOM,0.001744862929348032
PSD3,0.0017437706455651445
NAV3,0.001737728011309538
HELLPAR,0.0017273766690923153
CMKLR1,0.001713697606427761
ANKS1B,0.001701068955961615
DLX5,0.0016943330150396222
ADAMTS18,0.0016918319495029127
CREB3L2,0.0016862677049477677
MYBL1,0.001684526595749537
TCEAL9,0.0016825486927460021
FAM184A,0.0016743931788387968
ADAMTS9-AS2,0.0016717903234253644
ARNTL2,0.0016709180386013248
AP3B2,0.001669873714794197
QPRT,0.0016651004433199642
ASAH1,0.001663076358059943
GPRC5A,0.0016511319531327447
ADH4,0.0016451643495564749
NUSAP1,0.001642759014136365
SNTG2,0.001625249661946352
LMNTD1,0.001622897589262957
MACROD2,0.0016228311491366075
ANO5,0.001614646434718224
FGF12,0.00161324459040998
STK32B,0.001605836760570559
EREG,0.0015970609367221007
DDN-AS1,0.0015873701572787701
SPANXA2-OT1,0.0015868874165609077
FABP3,0.0015856775340967895
WTAP,0.0015831826246058508
MARCKSL1,0.0015787196167157448
MDH1,0.0015713166766885276
COX14,0.001566601065076282
PPL,0.0015648423788005906
CXCL1,0.0015555853594996828
BTBD11,0.0015485654610018565
TNMD,0.0015292297147093167
PCLO,0.0015270620829011536
ID2,0.0015088826046931452
PTPN22,0.001501206015735332
SFRP1,0.0014964920266473235
HEBP2,0.0014947081934441548
UQCRFS1,0.0014785913267317886
DIAPH3,0.0014571843061016484
CXCL2,0.0014447691057684212
RELT,0.0014425422305190392
ENAH,0.001439946349566571
FBN1,0.001418716889330783
PRKCA,0.0014122711282240684
KRT14,0.0014080994030965634
DTX1,0.0013997370287673987
MSH4,0.001396653361929225
DST,0.0013862592435312344
MT1F,0.0013860525469255901
EML6,0.001372907753367873
RSPO1,0.0013603559242191818
GLDN,0.0013579798174492967
FN1,0.0013362491544549483
EVI2A,0.0013359910402267062
CCDC80,0.0013352611169104992
CCDC181,0.0013331014953165499
ZFHX3,0.0013310141027683573
CHAC1,0.0013155833894630325
MLIP,0.001307908374075676
SPTBN1,0.0012982500429896716
DPP4,0.0012898215020077334
CDH13,0.0012885808256222523
SLC6A8,0.001286615996787576
PTPRH,0.0012761843752653063
VAT1L,0.0012687378223783302
TXNIP,0.0012651010512651367
COX7A1,0.0012598428955454333
ATF4,0.0012592637651482306
TDO2,0.001258148185541775
STAT1,0.0012440956956462548
TRIO,0.0012419948422475696
CFAP161,0.001240349361637554
KCNAB1,0.0012400159312598682
ADRA2A,0.001223632402145064
DBI,0.001222194065125795
RMDN2-AS1,0.001216679372288005
TNNT3,0.0012127032673398945
SV2A,0.0012051477638591584
CCNL1,0.0011913481119154399
RSPO2,0.001177635190099681
NDC80,0.0011724114337496583
TMLHE-AS1,0.0011660489007432047
NEURL1B,0.0011589464506398394
TXNRD1,0.0011436807738893448
CSF1R,0.0011338782370716178
TMEM178B,0.0011309634377156188
SLC25A48,0.0011302886676238721
ITIH4,0.0011288137523225877
MRVI1,0.0011185429576752639
COX7B,0.0011181811592674042
COL1A2,0.0011106920330076733
PNP,0.001108140221860575
GPM6B,0.0011076659413933646
LAMA3,0.0011047789933595381
PROK1,0.0011029324723963777
CACNB4,0.0011012953387680028
ACOT12,0.001097737821689637
RBPMS,0.001089547783826098
EDA,0.001086024023774569
CXCL14,0.0010678465033942223
C18orf63,0.0010670534939801915
RGS18,0.0010668825572090613
AFF2,0.0010661723085766996
HSD11B1,0.001064464349874013
TMEM37,0.0010638361359624968
ADGRB3,0.0010571388151025788
PLIN5,0.0010550842189504946
COL6A3,0.0010516387616964819
CXCL3,0.0010511310922781706
LRP1B,0.0010441942368329866
LRRC6,0.0010141864425928233
TMEFF2,0.0009940256873346106
RNF165,0.0009861101553965404
PRELP,0.000977406473142623
FGL2,0.0009761815099901609
HNMT,0.0009692099849900627
RXFP1,0.0009657545239994857
LFNG,0.0009656053626020036
SLC9C2,0.0009628873782615171
DLC1,0.0009566458171998296
CEP55,0.0009503443690504839
GPR1,0.0009335022467709471
SLC15A5,0.0009304444324682632
LNCAROD,0.0009256428953113308
SOS1,0.0009225615920234378
FRAS1,0.0009221466505041815
IL20RB,0.0009209275085413663
C7,0.0009179151944257209
ICA1,0.0009163295526003546
MARC1,0.0009133620495643531
KIRREL3,0.0009115135772242504
MYMX,0.0009105293818778008
ADGRB1,0.0009103581064305546
CCDC140,0.0009072720938025618
RGS4,0.000901075313873642
INSC,0.0008967913556326327
RIMS1,0.0008846882706946154
P4HA1,0.0008818447917459752
IL34,0.0008752373005665491
SLC27A6,0.0008712077423333571
PFKFB4,0.0008577479150560766
DRAIC,0.0008569279549932693
ID3,0.0008568624009209627
SGO1-AS1,0.0008463923732369082
ADH7,0.0008421837502893774
NCKAP5,0.0008411049908861409
STIM2-AS1,0.0008231473867314811
TSBP1-AS1,0.0008187901454588395
KCNQ3,0.0008182963778920628
COL3A1,0.0008087089730337625
CYB5A,0.0008073134234102961
ERO1B,0.0008017528602004423
SAA2,0.0007981629012503361
PARVG,0.0007924567786084766
GSN,0.0007888089592244897
SCG5,0.0007786241707194652
IPCEF1,0.0007764225105228091
CHL1,0.0007701827646667075
STK26,0.0007683656690509622
ASPM,0.000762042799174662
SULF1,0.0007606877391411957
HS6ST3,0.0007476340769098561
KCNJ15,0.0007410253074692336
AGBL4,0.0007310666067651333
SERPINA3,0.0007262066870409011
SYBU,0.0007233902164290424
PPP1R13B,0.000716477561734789
ALPK3,0.0007157444137551402
WDR93,0.0007155939485124302
CDC20,0.0006987886172123103
FABP2,0.0006968063459318557
GREB1L,0.0006939402066776656
CCND2,0.0006877435102791094
TAFA1,0.0006784734731168826
GDF15,0.000677281471371921
HS3ST2,0.0006680011720410123
KIAA0040,0.0006605784700849783
KCNMB2-AS1,0.0006540272351012614
AMN,0.000649375196980791
AF131216.4,0.0006477563745652515
EMCN,0.0006408511122604638
CYP4F22,0.0006400722350283371
C5orf66,0.0006346229985267046
NPTX2,0.0006331119414113026
SLC35F4,0.0006277503829494042
CYTL1,0.0006253020048896879
CYP3A5,0.0006172842835842212
MARCH10,0.0006169539152252302
WARS2-IT1,0.000616943849893389
NMNAT3,0.0006112315133072226
CDH22,0.0006066007814333647
CA4,0.0005984423770811826
TYMS,0.0005910766427179777
TNFRSF6B,0.0005823295405240757
ACSM2A,0.0005754534440952436
SAT1,0.0005736697862138857
DMKN,0.0005645510454805975
ENPEP,0.0005596350256008458
CFD,0.0005530201655144019
KLHDC9,0.0005528395179238871
TMTC1,0.0005514358811706287
KRT79,0.0005492430067601402
ANLN,0.000549014008468559
C8orf37-AS1,0.0005476085740847027
KRT16,0.0005471852738601254
TRPM1,0.0005460462634731902
PLIN2,0.0005448379834943848
CHIA,0.0005434801572793543
LONRF2,0.0005378085803068108
PPFIA2,0.0005348954500208305
H19,0.0005337292035784571
GPX3,0.0005295887345927527
GRIA1,0.0005257381966118331
OASL,0.0005247425771645495
TNIK,0.0005234755813673229
ALDH1L1,0.000506539632798104
FYB1,0.0004982338391369048
BNIP3,0.0004961031178661163
PCSK1N,0.0004929845218227663
AKR1C2,0.0004911343954441412
CCL8,0.0004808811078910479
GABBR2,0.00047762509510859203
RGS7,0.0004729554641043186
BEX5,0.000471415944491719
TK1,0.0004690165407887019
ZNF704,0.00046600691621620445
ADAMTS17,0.0004653632826795284
STPG4,0.00046192268041789084
NUP210L,0.00046125427056798634
AXDND1,0.00045988939683038317
LIPM,0.0004586647713286001
GRIN2A,0.00045394849052331595
RORB,0.0004485542994182432
FPR1,0.0004462927531165969
PCLAF,0.0004415411131182599
MIR4300HG,0.0004404939252092916
ZNF804A,0.0004381946886107689
FGF10,0.0004371523868713592
MYO3B,0.00043517787436315547
CAV1,0.00043094955455871007
PTPRD,0.000429829919495574
SPARC,0.00042794259601380136
IGSF11,0.0004216887538561367
KCNH1,0.0004104711145751677
DRICH1,0.00040635365356389477
TNFRSF11B,0.00040377092027527576
COL6A6,0.0004035044774786294
ADAM22,0.00039717696496245316
FRZB,0.0003970525752442294
RIMS2,0.00039684571914309045
KLHL4,0.000394752257355262
PWWP3B,0.0003946782293111706
HSPA5,0.00038983560852319326
SDK1,0.00038240154539805976
LIMCH1,0.00037475770986300164
TENM2,0.0003721653674415981
SGCZ,0.0003694263044039191
NEAT1,0.0003677355382656526
NEB,0.00035954713171025863
PTCHD1-AS,0.0003431076736268942
DAZL,0.0003416868755170487
ITIH5,0.00033962403007355016
STMN3,0.00033952817924121466
SOX18,0.0003387212290874447
C1orf143,0.00033423731492108534
ABCA13,0.0003316108270472768
DNAH12,0.00033059524047578267
GAL,0.0003274311617722792
KCNMB4,0.0003272011110709011
CXCL8,0.0003265526603547936
GRM8,0.00032418416685151897
MYOCOS,0.0003233401184526785
COL15A1,0.0003233111653073584
MIR3945HG,0.0003201331450074188
BIRC5,0.00031791645159644406
ABCA3,0.0003128290062487087
RASSF2,0.0003049098127065413
SUSD2,0.0003039482387934834
CASC15,0.00030373683911193107
MGARP,0.0003008363345937895
PTPRQ,0.00029790449965890245
GNA14,0.00029371878169506913
CFAP58,0.00029305422446581573
PSG5,0.00029240418131955596
MGAM,0.0002898651709208292
UBE2C,0.00028878506927931867
ENPP3,0.0002886696882307183
TAGLN3,0.00028835215550234854
KCNMB2,0.00028686896715855574
CCR7,0.00028616371391035876
SLC4A11,0.00028588078640044473
SAMSN1,0.00028138147047307346
TMC4,0.00028005769573599486
PARD3-AS1,0.00027985655494673693
PPP1R14A,0.00027777949555797
UHRF1,0.0002746503789086488
ABCG1,0.00027363903415860287
GNGT1,0.0002669771440176062
AF241725.1,0.00026505049318445846
CCDC178,0.00026465491476927163
NOXA1,0.0002632279523228261
RAMP3,0.0002591621014801135
BIRC3,0.0002556748132870002
PIEZO2,0.0002543542827817337
ROS1,0.00025346681038787225
STMN2,0.00025203641589050034
ADAMTS3,0.00025182815677086083
CDH3,0.0002509523627741768
COL23A1,0.0002496790371937623
FAM222A,0.0002482704051667719
USP12-AS2,0.0002446515725322403
FGF14,0.00024184065255804195
MIR2052HG,0.0002391820296375748
BCL11B,0.00023875457492461956
MED12L,0.00023862868996773543
IL32,0.0002341407101451265
COL4A5,0.00023130209145130756
TRPC4,0.00022977930563512558
DUSP15,0.00022820628519663866
WNT4,0.00022779175765377327
CADM2,0.00022764582889906682
ESCO2,0.00022658571245921796
RRM2,0.00021963895856131325
DMD,0.00021957660037342177
NPSR1-AS1,0.0002178565857725428
CDH20,0.00021314977372219733
KRT19,0.0002122847086342049
POU3F1,0.00021152654681795303
DDX39B-AS1,0.00020988086061350046
TBATA,0.00020848706479842944
ATP1A4,0.00020751106485983074
HVCN1,0.00020703073625503134
MGP,0.00020235950616272045
CD96,0.0002004445616956683
MIR3681HG,0.00020030943543339282
SAMD12,0.0001985005673794662
ABCB1,0.0001963092954507467
SIPA1L2,0.00019621835614166868
WDR49,0.00019610669147275515
GRID2,0.00019536274159850722
ERBB4,0.00019477135058917693
SPC25,0.00019346292215600237
NPAS3,0.00018809100639792032
PPP2R2B,0.0001853785160227856
TPPP3,0.00018216827243789242
SNCAIP,0.00018173457693498207
TFEC,0.00018142461784940292
GPC5,0.0001805525828146209
PTPRT,0.0001797597852707961
ZPLD1,0.0001777699001566396
PLXDC1,0.00017476691333346263
RRAD,0.0001722139145511636
PTPRN2,0.00017208389903762433
CA9,0.00017189471197933786
PTP4A1,0.00017113578341311375
LYPD1,0.00017085750703970006
NYNRIN,0.00017072671299164793
TRAF3IP3,0.00017051843606053667
FTH1,0.0001693306612225442
SLC44A5,0.00016929953172181212
MMP7,0.0001661443240123078
TMEM132C,0.00016569009017659944
SCN1A-AS1,0.0001655802086690597
GATA3,0.00016057604612903934
TCHH,0.00016013407454982452
PSG4,0.00015950040200414119
PLEKHA6,0.00015927283103203276
HEY1,0.0001590323975856013
LAMB4,0.0001560047891556078
GAP43,0.0001548310810736684
DEPDC1,0.00015357362643286644
CCL11,0.00015185176194617938
EEF1A1,0.00014946999420429935
OLFML2A,0.000148410699913779
CACNA1B,0.00014739855517875502
ELF3-AS1,0.00014736236759451334
MT-CO1,0.00014734028575763292
KRTAP13-4,0.00014528130248821656
CNTNAP4,0.00014447296969773442
MT-CO2,0.00014397129526466085
MROH2B,0.0001439553508738151
CHODL,0.00014375326782247307
CD34,0.00014301224214385185
NPTX1,0.00014162310702436768
MT-CO3,0.00014133093525492147
MOGAT1,0.00013950847241242466
PCBP3,0.00013853283973961958
LIPG,0.00013685301188590503
IL19,0.0001360713878127341
OTOGL,0.00013601498574957436
CD38,0.00013396369773995188
RCAN2,0.00013255058297093387
KEL,0.000130455385913875
MGAT4C,0.00012985291590484024
C8orf87,0.0001298117853132234
MYBPC1,0.00012820809423737454
CCDC170,0.00012655447761953482
FGF10-AS1,0.00012530584648270515
DDO,0.0001252840921053117
IL1RAPL1,0.00012522913061882612
MMP3,0.00012322661015953736
PARAL1,0.0001231293109436379
CCL20,0.00012281032668052302
HAS1,0.0001223375032646301
SULT1A1,0.00012203925879879015
PPP1R1C,0.00012193614694783836
SAMD12-AS1,0.00012139048081527167
PAK3,0.00012118610284045421
SYT16,0.00012019000732407064
NR1H4,0.00011973616564527111
SLC2A14,0.00011909959976290035
DGKG,0.00011854298559683726
TSHZ2,0.00011825248528974496
CDH12,0.00011713588302203771
CLSTN2,0.0001160817431331562
ZNF793-AS1,0.00011594792287089939
MYO18B,0.00011509564205553086
BX284613.2,0.00011308200631130953
OXT,0.00011225798242210977
EIF3CL,0.00011160340772215291
ALOX12,0.00011019621983951992
ST6GALNAC5,0.00011009071842736135
LONRF3,0.00010956104450781657
ORM1,0.00010930571258217981
OLFM1,0.00010889244708567627
GRIP2,0.00010875004005109303
EFNB2,0.00010868640587159597
HAS3,0.00010701112120995838
ASTN1,0.00010675425464985329
GLRA2,0.00010657512398428421
SOSTDC1,0.00010655627606177812
LTF,0.00010627727704843804
RRH,0.00010542031023668029
KCNK13,0.0001033283238796392
SFRP5,0.00010215658666643622
DLGAP5,0.00010208640524605206
FER1L6-AS2,0.00010149111499990983
FAT3,0.00010115230585673447
ABCA4,0.00010060653444637272
TGM3,9.997009055758532e-05
GSTA1,9.720436401997428e-05
PRL,9.594147680943905e-05
NKAIN3,9.427533202835907e-05
SAMMSON,9.355651707582198e-05
DGKB,9.352979916830138e-05
PTH2R,9.294070663877054e-05
FGFBP2,9.24846661526902e-05
CNTN5,9.19901059545901e-05
ESRRG,9.15637096998967e-05
LCE3A,9.082913746790107e-05
ANKRD1,8.931804048622733e-05
FSTL5,8.873349052910131e-05
GALNT17,8.785868897976649e-05
MCF2,8.732998147427906e-05
CXCL6,8.708661256450175e-05
PKHD1L1,8.532909291288707e-05
AWAT2,8.49850315509119e-05
NEIL3,8.461763055730482e-05
ACAN,8.237173341630539e-05
ADORA1,8.21236903233696e-05
GLP2R,8.08952376980192e-05
HAMP,7.957660100071045e-05
CLIC3,7.902410187786265e-05
FGF13,7.841662669497965e-05
CCDC73,7.834566142078015e-05
RPGRIP1,7.807943015104163e-05
KCNJ6,7.78772902726517e-05
ADGRE2,7.695315439001724e-05
CCIN,7.552482371243142e-05
AD000090.1,7.499783885978086e-05
ADPRH,7.418245692931357e-05
CACNA1E,7.395271131660691e-05
CHI3L1,7.252184396452508e-05
PCDH15,7.213076367907723e-05
DEFB132,7.108531668529636e-05
PKMYT1,7.095341741120796e-05
STXBP5L,7.022506288068056e-05
C8orf89,6.689744109716638e-05
UNC5C,6.654395117334076e-05
JAKMIP2,6.626799132043001e-05
ANKRD55,6.579038959243135e-05
OSTN,6.543607844384373e-05
MCM10,6.517783835202727e-05
CCDC141,6.422229882654892e-05
KCTD8,6.394424241875958e-05
PLA2G5,6.338484246051005e-05
SLCO5A1,6.319118905590194e-05
COL11A1,6.069493318866628e-05
SELP,6.062193210955569e-05
AGBL1,6.0257638229399346e-05
HCG20,5.940199732620196e-05
SPATA16,5.929869371891069e-05
PLEKHG1,5.8623353989908415e-05
ZBED9,5.73796793476104e-05
MROH2A,5.678478229174322e-05
DACH1,5.6676717463664445e-05
NPPC,5.567324115028707e-05
LRRTM4,5.532961391516726e-05
ANXA8,5.464733771578758e-05
CCN3,5.341883402578646e-05
PAH,5.21463963404787e-05
LRFN5,5.1268350270848714e-05
C3orf79,4.9783837380096125e-05
CNGB3,4.761593835482626e-05
CD247,4.685828769286349e-05
KCNN3,4.6358130082773226e-05
SNX31,4.628287852524376e-05
TRPC6,4.6054337586603125e-05
GPR158,4.5462039872922536e-05
NLGN1-AS1,4.522250135137867e-05
PMP2,4.522024386628303e-05
Z93403.1,4.463319863160461e-05
MKI67,4.402269490641406e-05
CHRM3,4.3599425532924395e-05
TDRKH-AS1,4.351999777521223e-05
DDIT4L,4.279842364422008e-05
ANGPTL7,4.258562200591308e-05
PLXDC2,4.2200974592857096e-05
CHRNA7,4.175109152802835e-05
DPP9-AS1,4.15205058434492e-05
IGFL4,4.0878367523425326e-05
CNGB1,4.0329697137792345e-05
CCDC13-AS1,4.020781018862563e-05
SYNPR,3.9923469959477133e-05
TMEM233,3.930763206524747e-05
PCDH7,3.8302727072270724e-05
CCL28,3.7909820993592296e-05
MARK1,3.7614523621011665e-05
TPH2,3.728394457835493e-05
TENM1,3.641635221383356e-05
CLDN14,3.59013778325953e-05
KIF20A,3.553593430320325e-05
RERGL,3.4806753258213865e-05
BCHE,3.447659990037406e-05
KRTAP7-1,3.447537118930057e-05
CDKL2,3.3505875820403037e-05
CD5L,3.3346697278879684e-05
HOXA3,3.320681456407609e-05
IHH,3.184030117333825e-05
TRBC2,3.1771161165930886e-05
C3orf84,3.146103922771651e-05
KHDRBS2,3.1458345361505876e-05
GNG4,3.1138958040154315e-05
PLP1,3.06838077850549e-05
TDRD5,2.9748697965482784e-05
FOXF1,2.9136987160696482e-05
ZNF804B,2.8849884571884997e-05
MOBP,2.7980379049304355e-05
DEFB1,2.774107971644293e-05
NEK2,2.7654530364011328e-05
SERPINB7,2.7491922054228964e-05
HSD3B2,2.7357540471974984e-05
SAA4,2.6907577843600468e-05
LRRTM3,2.658263652917633e-05
C3orf80,2.481716605385883e-05
KCNJ3,2.4653657220287638e-05
RHCG,2.462199399363295e-05
WSCD2,2.4047136217357135e-05
FMO1,2.3547449062537305e-05
RIMBP2,2.287513350626266e-05
ACSL6,2.2559529384854596e-05
PTCHD4,2.2539725863786312e-05
RGS7BP,2.159555368743995e-05
TEX48,2.0829547965909806e-05
TUBA3D,2.0544210139501556e-05
AIF1L,2.004011576272669e-05
MIR4290HG,1.7761842734124592e-05
FP325335.1,1.737094988516419e-05
IL12RB1,1.7114124236382787e-05
PTGDR2,1.6145975092894824e-05
CA2,1.6049094926216764e-05
NGFR,1.554617354004461e-05
ADCY8,1.3812283740166e-05
CXCL13,1.3249604838226761e-05
AADACL2,1.3154425879276368e-05
FAM111B,8.757906243888264e-06
YBX2,8.275093815691743e-06
UCP1,6.316059230719147e-06
